candidate_index,image_name,final_included,review_stage,exclusion_reason
1,b1c66a42-6f7d68ca.jpg,true,manual_review,
2,b1d7b3ac-5af8623b.jpg,false,manual_review,confounding_degradation_removed_during_manual_review
3,b1d7b3ac-5744370e.jpg,true,manual_review,
4,b1df722f-57d21f3f.jpg,false,manual_review,confounding_degradation_removed_during_manual_review
5,b1e8ad72-c3c79240.jpg,false,manual_review,confounding_degradation_removed_during_manual_review
6,b1f022d3-45162c67.jpg,false,manual_review,confounding_degradation_removed_during_manual_review
7,b1f4491b-846d8cb2.jpg,false,manual_review,confounding_degradation_removed_during_manual_review
8,b1f4491b-09593e90.jpg,true,manual_review,
9,b1f4491b-bf7d513f.jpg,true,manual_review,
10,b1f4491b-d8d1459c.jpg,false,manual_review,confounding_degradation_removed_during_manual_review
11,b1f85377-44885085.jpg,true,manual_review,
12,b2b32394-e46669cb.jpg,true,manual_review,
13,b3a1e72b-1f4b129d.jpg,false,manual_review,confounding_degradation_removed_during_manual_review
14,b3a3d166-3a6a258d.jpg,false,manual_review,confounding_degradation_removed_during_manual_review
15,b3aacff1-967c15c1.jpg,true,manual_review,
16,b3ae7668-c78f47c8.jpg,false,manual_review,confounding_degradation_removed_during_manual_review
17,b3b64b42-403091d9.jpg,true,manual_review,
18,b3c939e3-61fb6427.jpg,true,manual_review,
19,b3d264b3-fbaef5ac.jpg,false,manual_review,confounding_degradation_removed_during_manual_review
20,b3e0345b-20d013f8.jpg,true,manual_review,
21,b3e0345b-69069f01.jpg,false,manual_review,confounding_degradation_removed_during_manual_review
22,b3eafc22-1064ce9e.jpg,true,manual_review,
23,b3f0cdab-d5954c9a.jpg,true,manual_review,
24,b4aa2f44-023fb7df.jpg,true,manual_review,
25,b4b07c88-3e6d65a0.jpg,false,manual_review,confounding_degradation_removed_during_manual_review
26,b4b07c88-e71768f1.jpg,false,manual_review,confounding_degradation_removed_during_manual_review
27,b4b581ea-93722c60.jpg,true,manual_review,
28,b4c89ab1-5c72cd7d.jpg,false,manual_review,confounding_degradation_removed_during_manual_review
29,b4d18d1a-193e24a1.jpg,true,manual_review,
30,b4dff9f4-bcac8fae.jpg,false,manual_review,confounding_degradation_removed_during_manual_review
31,b4e3e68f-3aa63f29.jpg,false,manual_review,confounding_degradation_removed_during_manual_review
32,b4ec8b36-e81e510a.jpg,true,manual_review,
33,b4ecb933-08326feb.jpg,true,manual_review,
34,b4f1500e-901fb4e6.jpg,true,manual_review,
35,b5ac257d-5a34b3fa.jpg,true,manual_review,
36,b5b256fd-0c2be0a6.jpg,true,manual_review,
37,b5be77ad-b861ba83.jpg,false,manual_review,confounding_degradation_removed_during_manual_review
38,b5cf8afa-b54535d2.jpg,false,manual_review,confounding_degradation_removed_during_manual_review
39,b5d9531f-48222cf3.jpg,true,manual_review,
40,b5e6efc0-ac69d492.jpg,false,manual_review,confounding_degradation_removed_during_manual_review
41,b5f057ab-791ac474.jpg,true,manual_review,
42,b5fa32f1-4e9c7d32.jpg,true,manual_review,
43,b5fc1373-94aaab40.jpg,true,manual_review,
44,b6afe56b-ec85d002.jpg,false,manual_review,confounding_degradation_removed_during_manual_review
45,b6b6fd86-ab4d10f6.jpg,true,manual_review,
46,b6ca7400-0ed0dc64.jpg,false,manual_review,confounding_degradation_removed_during_manual_review
47,b6cad0b4-56d2e2d9.jpg,true,manual_review,
48,b6d0b46a-ec482777.jpg,true,manual_review,
49,b6d6e4f6-cc416656.jpg,true,manual_review,
50,b6f40904-693d5d3d.jpg,true,manual_review,
51,b7a8e795-0ff55db2.jpg,true,manual_review,
52,b7a8e795-056b3c79.jpg,true,manual_review,
53,b7a9b166-341c551a.jpg,true,manual_review,
54,b7abfbea-3067ba7b.jpg,true,manual_review,
55,b7ad967b-5ffacb53.jpg,true,manual_review,
56,b7b1f657-c3290194.jpg,false,manual_review,confounding_degradation_removed_during_manual_review
57,b7b7c088-2fda29df.jpg,true,manual_review,
58,b7b7c088-13945e4c.jpg,false,manual_review,confounding_degradation_removed_during_manual_review
59,b7b1242b-3c255af6.jpg,true,manual_review,
60,b7ba9ad7-f89df072.jpg,true,manual_review,
61,b7bb0d6e-87e194fd.jpg,true,manual_review,
62,b7bb0d6e-552b4dd9.jpg,false,manual_review,confounding_degradation_removed_during_manual_review
63,b7bb0d6e-1922b34d.jpg,true,manual_review,
64,b7bb0d6e-b018e560.jpg,true,manual_review,
65,b7d7713a-a58eef67.jpg,true,manual_review,
66,b7db31d1-188d4a34.jpg,true,manual_review,
67,b7db31d1-fa13a84a.jpg,true,manual_review,
68,b7e347d4-8ab9f4b5.jpg,true,manual_review,
69,b7eb7b11-2ba05f4f.jpg,true,manual_review,
70,b7edcfdc-f018989f.jpg,true,manual_review,
71,b7f75fad-1c1c419b.jpg,false,manual_review,confounding_degradation_removed_during_manual_review
72,b7f452e4-1e8b6f3a.jpg,true,manual_review,
73,b7fd3f86-ba8bf79c.jpg,true,manual_review,
74,b8b2be1e-4c0bf0b9.jpg,false,manual_review,confounding_degradation_removed_during_manual_review
75,b8c0d4a5-63b97dfb.jpg,false,manual_review,confounding_degradation_removed_during_manual_review
76,b8c7c957-84df8251.jpg,false,manual_review,confounding_degradation_removed_during_manual_review
77,b8cca913-a59e1a1b.jpg,true,manual_review,
78,b8cd6a1b-8abed2d8.jpg,true,manual_review,
79,b8da2353-61f13dfb.jpg,true,manual_review,
80,b8e06f7a-f11a9604.jpg,true,manual_review,
81,b8ef1613-c936238e.jpg,true,manual_review,
82,b8f65e48-10600b5e.jpg,true,manual_review,
83,b9d24e81-a9679e2a.jpg,true,manual_review,
84,b9e4cb3d-98ed4484.jpg,true,manual_review,
85,b9e91422-2d610458.jpg,true,manual_review,
86,b9fc97df-397f8a5d.jpg,true,manual_review,
87,b20d494a-cdebe83e.jpg,true,manual_review,
88,b24d283f-33783d1b.jpg,false,manual_review,confounding_degradation_removed_during_manual_review
89,b25fb716-78d8d49b.jpg,false,manual_review,confounding_degradation_removed_during_manual_review
90,b27cd403-d7616bfa.jpg,false,manual_review,confounding_degradation_removed_during_manual_review
91,b27cd403-f2d087cc.jpg,false,manual_review,confounding_degradation_removed_during_manual_review
92,b28cb5d3-2cf728ac.jpg,false,manual_review,confounding_degradation_removed_during_manual_review
93,b30af183-e9209104.jpg,true,manual_review,
94,b35dac08-396cde53.jpg,true,manual_review,
95,b35f4a74-bd3dd74f.jpg,true,manual_review,
96,b36de7af-887696f9.jpg,false,manual_review,confounding_degradation_removed_during_manual_review
97,b36de7af-ca137216.jpg,true,manual_review,
98,b37cacf7-0d3ce003.jpg,true,manual_review,
99,b38b2b6a-77f9d5e5.jpg,true,manual_review,
100,b38fb69e-5f5f73ae.jpg,true,manual_review,
101,b41b3454-e034bb74.jpg,false,manual_review,confounding_degradation_removed_during_manual_review
102,b42df626-73f78ba9.jpg,false,manual_review,confounding_degradation_removed_during_manual_review
103,b42df626-bee4420b.jpg,true,manual_review,
104,b42df626-e358ca4a.jpg,true,manual_review,
105,b42fdaf1-0925c561.jpg,false,manual_review,confounding_degradation_removed_during_manual_review
106,b44bcbbe-e980e271.jpg,true,manual_review,
107,b48fc70b-2ca6ed01.jpg,true,manual_review,
108,b49a272b-c52895c3.jpg,true,manual_review,
109,b50e6154-4aace8a1.jpg,true,manual_review,
110,b52e49e5-d1e36124.jpg,true,manual_review,
111,b56c225e-a7a78ad7.jpg,true,manual_review,
112,b56c225e-a71598cd.jpg,true,manual_review,
113,b57a2edf-60fd75be.jpg,false,manual_review,confounding_degradation_removed_during_manual_review
114,b57a2edf-71efe713.jpg,false,manual_review,confounding_degradation_removed_during_manual_review
115,b57a2edf-402297bc.jpg,true,manual_review,
116,b57b9ee8-3e089c95.jpg,false,manual_review,confounding_degradation_removed_during_manual_review
117,b60db8b3-7cb88369.jpg,true,manual_review,
118,b61aec41-7b16e55c.jpg,false,manual_review,confounding_degradation_removed_during_manual_review
119,b69fc2ae-156d58aa.jpg,false,manual_review,confounding_degradation_removed_during_manual_review
120,b70d1e4a-467d8c58.jpg,false,manual_review,confounding_degradation_removed_during_manual_review
121,b71bb4df-b9837e9c.jpg,false,manual_review,confounding_degradation_removed_during_manual_review
122,b72b3974-552bb7d7.jpg,true,manual_review,
123,b74f9c57-90451f20.jpg,true,manual_review,
124,b79c1f8d-87a1881a.jpg,true,manual_review,
125,b79c1f8d-8409e845.jpg,true,manual_review,
126,b82e22f1-40b5aa11.jpg,true,manual_review,
127,b84a1117-72c360e2.jpg,false,manual_review,confounding_degradation_removed_during_manual_review
128,b87fe215-0f7b05e0.jpg,false,manual_review,confounding_degradation_removed_during_manual_review
129,b92c7b7c-af420847.jpg,false,manual_review,confounding_degradation_removed_during_manual_review
130,b93e0d1b-5e1e35f8.jpg,false,manual_review,confounding_degradation_removed_during_manual_review
131,b93e2268-4b277928.jpg,true,manual_review,
132,b93e2268-394c7031.jpg,false,manual_review,confounding_degradation_removed_during_manual_review
133,b93e2268-2106a029.jpg,true,manual_review,
134,b94daedc-7045933e.jpg,false,manual_review,confounding_degradation_removed_during_manual_review
135,b97b9ee8-0dfbbe35.jpg,true,manual_review,
136,b98eabcc-573dccd2.jpg,true,manual_review,
137,b232c7c9-d251d9ee.jpg,true,manual_review,
138,b289f2e8-cec8700d.jpg,false,manual_review,confounding_degradation_removed_during_manual_review
139,b291cfd6-a46efbcc.jpg,false,manual_review,confounding_degradation_removed_during_manual_review
140,b291cfd6-ff98ba56.jpg,true,manual_review,
141,b321c6b6-ab603d42.jpg,true,manual_review,
142,b325fe35-b59e4e91.jpg,true,manual_review,
143,b368ee71-cf27b7fa.jpg,true,manual_review,
144,b378e452-c639ce0f.jpg,false,manual_review,confounding_degradation_removed_during_manual_review
145,b398e0fb-257cf424.jpg,true,manual_review,
146,b483a180-56a9db7c.jpg,true,manual_review,
147,b565d4cc-2e6cb390.jpg,true,manual_review,
148,b570f833-3bd87d01.jpg,true,manual_review,
149,b724e1f0-cffecdc5.jpg,true,manual_review,
150,b729d050-af382d96.jpg,true,manual_review,
151,b733b13d-e5dccc44.jpg,true,manual_review,
152,b736c477-ce5093ac.jpg,true,manual_review,
153,b769f2fa-9be9a666.jpg,true,manual_review,
154,b769f2fa-867bf3b3.jpg,false,manual_review,confounding_degradation_removed_during_manual_review
155,b769f2fa-026548da.jpg,false,manual_review,confounding_degradation_removed_during_manual_review
156,b769f2fa-9473432d.jpg,true,manual_review,
157,b769f2fa-ac5f60c7.jpg,true,manual_review,
158,b788c509-56f6a40a.jpg,false,manual_review,confounding_degradation_removed_during_manual_review
159,b843ef1b-2756a85d.jpg,true,manual_review,
160,b843ef1b-f173bd21.jpg,true,manual_review,
161,b875ad93-deec14af.jpg,true,manual_review,
162,b875ad93-f21a6d0a.jpg,false,manual_review,confounding_degradation_removed_during_manual_review
163,b888e048-8018b284.jpg,true,manual_review,
164,b953efc6-455bdde1.jpg,false,manual_review,confounding_degradation_removed_during_manual_review
165,b953efc6-f40d4290.jpg,true,manual_review,
166,b981c36d-a66bb611.jpg,false,manual_review,confounding_degradation_removed_during_manual_review
167,b999b5f5-38c7b100.jpg,true,manual_review,
168,b2331b83-a28e6b57.jpg,false,manual_review,confounding_degradation_removed_during_manual_review
169,b2576c8c-2de20b8a.jpg,true,manual_review,
170,b3479da9-2d5165c5.jpg,true,manual_review,
171,b3967d1b-0088ba4e.jpg,true,manual_review,
172,b4278d1f-3a128041.jpg,false,manual_review,confounding_degradation_removed_during_manual_review
173,b4278d1f-dbd0295c.jpg,false,manual_review,confounding_degradation_removed_during_manual_review
174,b4301c7b-da5261f0.jpg,true,manual_review,
175,b4543c78-696f5be4.jpg,true,manual_review,
176,b4543c78-ee2e75f3.jpg,true,manual_review,
177,b5046f1e-0674657f.jpg,true,manual_review,
178,b5753b26-33163d42.jpg,false,manual_review,confounding_degradation_removed_during_manual_review
179,b6230fb4-02138607.jpg,true,manual_review,
180,b6673f98-1e13354a.jpg,true,manual_review,
181,b6673f98-d6661115.jpg,true,manual_review,
182,b6876a74-8532d216.jpg,true,manual_review,
183,b7041acc-6de39959.jpg,true,manual_review,
184,b7064abc-4ed592fe.jpg,false,manual_review,confounding_degradation_removed_during_manual_review
185,b7064abc-24deedb3.jpg,false,manual_review,confounding_degradation_removed_during_manual_review
186,b7072ec0-3a3b64a5.jpg,true,manual_review,
187,b7416b8c-5b0fcd5e.jpg,false,manual_review,confounding_degradation_removed_during_manual_review
188,b7559b8d-8c71431d.jpg,true,manual_review,
189,b7610ba3-9eabe8e3.jpg,true,manual_review,
190,b7719f1d-8245d9ce.jpg,true,manual_review,
191,b9047aca-41787983.jpg,false,manual_review,confounding_degradation_removed_during_manual_review
192,b27688b6-1af27060.jpg,true,manual_review,
193,b29377e0-83e8340a.jpg,false,manual_review,confounding_degradation_removed_during_manual_review
194,b39572b6-aa95db3d.jpg,false,manual_review,confounding_degradation_removed_during_manual_review
195,b45928e6-f07ac4c9.jpg,false,manual_review,confounding_degradation_removed_during_manual_review
196,b49698d7-1999d598.jpg,false,manual_review,confounding_degradation_removed_during_manual_review
197,b57077d8-ae0b13ca.jpg,true,manual_review,
198,b59413ff-9094612f.jpg,false,manual_review,confounding_degradation_removed_during_manual_review
199,b61459f8-ae92ce64.jpg,false,manual_review,confounding_degradation_removed_during_manual_review
200,b62279e2-257b5cc0.jpg,false,manual_review,confounding_degradation_removed_during_manual_review
201,b68913f1-029e9d1a.jpg,true,manual_review,
202,b85420e2-ea146a8a.jpg,false,manual_review,confounding_degradation_removed_during_manual_review
203,b251064f-4696b75e.jpg,true,manual_review,
204,b322412a-58073611.jpg,false,manual_review,confounding_degradation_removed_during_manual_review
205,b322412a-b47af37f.jpg,true,manual_review,
206,b398327e-f873cb8b.jpg,true,manual_review,
207,b534864a-d2eb867c.jpg,true,manual_review,
208,b539383c-b57307bc.jpg,true,manual_review,
209,b555790d-d715196b.jpg,true,manual_review,
210,b555790d-e81a454b.jpg,false,manual_review,confounding_degradation_removed_during_manual_review
211,b555790d-ef09fa96.jpg,false,manual_review,confounding_degradation_removed_during_manual_review
212,b568371d-a596d2d4.jpg,true,manual_review,
213,b780088d-0bf9e946.jpg,true,manual_review,
214,b869965a-f5ff417c.jpg,true,manual_review,
215,b869965a-fa59f431.jpg,true,manual_review,
216,b924005d-3e1ae14d.jpg,true,manual_review,
217,b2794401-ba7d3c05.jpg,true,manual_review,
218,b3159650-1ba75f9b.jpg,true,manual_review,
219,b3343231-8fe3f2e2.jpg,false,manual_review,confounding_degradation_removed_during_manual_review
220,b4082905-e694720e.jpg,false,manual_review,confounding_degradation_removed_during_manual_review
221,b4253085-9f907156.jpg,true,manual_review,
222,b4333743-072dae1e.jpg,false,manual_review,confounding_degradation_removed_during_manual_review
223,b4672385-6ea18d27.jpg,true,manual_review,
224,b5042634-edf42094.jpg,false,manual_review,confounding_degradation_removed_during_manual_review
225,b5191523-f5721cd1.jpg,true,manual_review,
226,b5770084-9b15155d.jpg,false,manual_review,confounding_degradation_removed_during_manual_review
227,b5770084-83b143c9.jpg,true,manual_review,
228,b6219281-0695c9fd.jpg,true,manual_review,
229,b6219281-861a5ba7.jpg,false,manual_review,confounding_degradation_removed_during_manual_review
230,b6606454-86d77cb2.jpg,false,manual_review,confounding_degradation_removed_during_manual_review
231,b7226661-1ba4dc1a.jpg,true,manual_review,
232,b7226661-33b4c4ff.jpg,false,manual_review,confounding_degradation_removed_during_manual_review
233,b7457987-72d06293.jpg,false,manual_review,confounding_degradation_removed_during_manual_review
234,b7457987-06803d89.jpg,true,manual_review,
235,b7668116-71da4033.jpg,true,manual_review,
236,b7984475-0a28901d.jpg,true,manual_review,
237,b8201476-b9dba8dd.jpg,true,manual_review,
238,ba0b31f2-c45b879b.jpg,true,manual_review,
239,ba0f292a-bb8b14af.jpg,true,manual_review,
240,ba2e8c76-d7ca505e.jpg,true,manual_review,
241,ba3ffa1d-05ce6de4.jpg,true,manual_review,
242,ba4a95e2-388b7299.jpg,true,manual_review,
243,ba4adf3d-27e3cae5.jpg,true,manual_review,
244,ba4d05f6-24c9c3cf.jpg,false,manual_review,confounding_degradation_removed_during_manual_review
245,ba5c759c-45dd7a4f.jpg,true,manual_review,
246,ba5c759c-1913a624.jpg,true,manual_review,
247,ba7ad79b-d9c40465.jpg,false,manual_review,confounding_degradation_removed_during_manual_review
248,ba54b6fd-896b735c.jpg,true,manual_review,
249,ba79d911-8254c418.jpg,true,manual_review,
250,ba336fcb-24158015.jpg,true,manual_review,
251,ba336fcb-f0afaac6.jpg,true,manual_review,
252,ba362b8d-2855bf4e.jpg,true,manual_review,
253,ba465f46-6ec77334.jpg,false,manual_review,confounding_degradation_removed_during_manual_review
254,ba908c74-4e0a63ae.jpg,false,manual_review,confounding_degradation_removed_during_manual_review
255,ba982bf6-10d32995.jpg,false,manual_review,confounding_degradation_removed_during_manual_review
256,ba08174b-15c134f7.jpg,true,manual_review,
257,baa0cbfb-46b96329.jpg,true,manual_review,
258,baab5a30-8d713374.jpg,false,manual_review,confounding_degradation_removed_during_manual_review
259,bac8fe51-6b258bd9.jpg,false,manual_review,confounding_degradation_removed_during_manual_review
260,bac52b21-f294dffd.jpg,true,manual_review,
261,bac66ed2-5f02fccc.jpg,false,manual_review,confounding_degradation_removed_during_manual_review
262,bac443ab-eb1694f5.jpg,false,manual_review,confounding_degradation_removed_during_manual_review
263,bae322f4-c995abe0.jpg,true,manual_review,
264,bae778fd-4cc0d9be.jpg,false,manual_review,confounding_degradation_removed_during_manual_review
265,baeb68f6-9abb3aaf.jpg,false,manual_review,confounding_degradation_removed_during_manual_review
266,baeb1657-6169cccd.jpg,true,manual_review,
267,baf870f0-44119a5e.jpg,false,manual_review,confounding_degradation_removed_during_manual_review
268,baf29436-f6375fa4.jpg,true,manual_review,
269,bb1b7e42-48b281a3.jpg,true,manual_review,
270,bb1b7e42-67806924.jpg,true,manual_review,
271,bb2c8f70-d58d2ef6.jpg,true,manual_review,
272,bb8b844a-ed14e8b9.jpg,false,manual_review,confounding_degradation_removed_during_manual_review
273,bb8d2c06-e1a6a306.jpg,true,manual_review,
274,bb8dba97-1be28493.jpg,true,manual_review,
275,bb8dba97-50af5a1e.jpg,true,manual_review,
276,bb8dba97-3537805c.jpg,true,manual_review,
277,bb8dba97-c7ec77a3.jpg,true,manual_review,
278,bb16d9b5-588275af.jpg,false,manual_review,confounding_degradation_removed_during_manual_review
279,bb43e180-96b21056.jpg,false,manual_review,confounding_degradation_removed_during_manual_review
280,bb78fe06-3994d745.jpg,true,manual_review,
281,bb80de49-c7d12d6a.jpg,true,manual_review,
282,bb370e7e-4c296bfb.jpg,true,manual_review,
283,bb391d59-6b05b7a0.jpg,true,manual_review,
284,bb655f15-825903ad.jpg,false,manual_review,confounding_degradation_removed_during_manual_review
285,bb7792f1-e7ef3677.jpg,false,manual_review,confounding_degradation_removed_during_manual_review
286,bb919332-8ea8b53f.jpg,false,manual_review,confounding_degradation_removed_during_manual_review
287,bb974084-c0e23420.jpg,false,manual_review,confounding_degradation_removed_during_manual_review
288,bba4ee51-3badc9f8.jpg,false,manual_review,confounding_degradation_removed_during_manual_review
289,bbaf1cf2-5c7315e0.jpg,true,manual_review,
290,bbaf54a0-217653b8.jpg,true,manual_review,
291,bbb46ace-fd1c3344.jpg,false,manual_review,confounding_degradation_removed_during_manual_review
292,bbb1289a-a3fbe37f.jpg,false,manual_review,confounding_degradation_removed_during_manual_review
293,bbb1289a-b49fe5de.jpg,true,manual_review,
294,bbb25499-f602899d.jpg,false,manual_review,confounding_degradation_removed_during_manual_review
295,bbbe5a28-c070f32d.jpg,false,manual_review,confounding_degradation_removed_during_manual_review
296,bbc0f7ea-77bee0c4.jpg,true,manual_review,
297,bbc357f2-ddaa5e79.jpg,false,manual_review,confounding_degradation_removed_during_manual_review
298,bbcdfc12-87ca1f44.jpg,true,manual_review,
299,bbcdfc12-745c6e19.jpg,false,manual_review,confounding_degradation_removed_during_manual_review
300,bbfe3b4f-71b57b40.jpg,true,manual_review,
301,bc1e4645-5c81c3c1.jpg,true,manual_review,
302,bc1e4645-76a7fd0e.jpg,true,manual_review,
303,bc05c126-b5aff837.jpg,true,manual_review,
304,bc5fadac-47398ddc.jpg,true,manual_review,
305,bc5fadac-96776d48.jpg,false,manual_review,confounding_degradation_removed_during_manual_review
306,bc5fadac-bc6d38cd.jpg,false,manual_review,confounding_degradation_removed_during_manual_review
307,bc5fadac-fa6dd225.jpg,false,manual_review,confounding_degradation_removed_during_manual_review
308,bc6a6534-8b519e81.jpg,true,manual_review,
309,bc7e7e2c-3f42fbae.jpg,true,manual_review,
310,bc7e7e2c-6388153c.jpg,true,manual_review,
311,bc8c555a-5f402650.jpg,true,manual_review,
312,bc8e1605-4005ee7e.jpg,false,manual_review,confounding_degradation_removed_during_manual_review
313,bc8f34d9-84c7849d.jpg,true,manual_review,
314,bc18b981-f4361b9d.jpg,true,manual_review,
315,bc19c993-c0a0f85f.jpg,true,manual_review,
316,bc24f222-2acc4952.jpg,false,manual_review,confounding_degradation_removed_during_manual_review
317,bc24f222-4fdb5e23.jpg,true,manual_review,
318,bc101f0f-6b6d71e7.jpg,true,manual_review,
319,bc140c47-7caca472.jpg,true,manual_review,
320,bc197c3b-9d39a36a.jpg,true,manual_review,
321,bc715fc7-87a29be4.jpg,true,manual_review,
322,bc886b45-3b6d2883.jpg,false,manual_review,confounding_degradation_removed_during_manual_review
323,bc886d37-5b22c313.jpg,true,manual_review,
324,bc082805-7738f543.jpg,true,manual_review,
325,bca36352-5de70a3f.jpg,true,manual_review,
326,bcade6d5-430ff8e0.jpg,true,manual_review,
327,bcbbbb55-4245620b.jpg,false,manual_review,confounding_degradation_removed_during_manual_review
328,bcbfbfb8-297deca0.jpg,true,manual_review,
329,bcc4efaf-023c2a93.jpg,true,manual_review,
330,bcde71de-1bf86b19.jpg,true,manual_review,
331,bcef3e08-16df1f59.jpg,false,manual_review,confounding_degradation_removed_during_manual_review
332,bd2fd996-71e2a020.jpg,true,manual_review,
333,bd3bd3ab-8e38f822.jpg,true,manual_review,
334,bd4c1d7e-24700e36.jpg,true,manual_review,
335,bd5c34f4-52ef24cd.jpg,true,manual_review,
336,bd5c34f4-f39f6dfc.jpg,false,manual_review,confounding_degradation_removed_during_manual_review
337,bd5f0e20-1792f900.jpg,false,manual_review,confounding_degradation_removed_during_manual_review
338,bd5f8f37-b3008fa1.jpg,true,manual_review,
339,bd6c7aef-750b28cc.jpg,true,manual_review,
340,bd026bc5-7d3bf0ef.jpg,false,manual_review,confounding_degradation_removed_during_manual_review
341,bd31fb8b-28ae6a12.jpg,false,manual_review,confounding_degradation_removed_during_manual_review
342,bd056a69-676260f6.jpg,false,manual_review,confounding_degradation_removed_during_manual_review
343,bd57e60e-504a870b.jpg,true,manual_review,
344,bd65dd37-4c3cdf2d.jpg,false,manual_review,confounding_degradation_removed_during_manual_review
345,bd320d5f-f6fd0850.jpg,true,manual_review,
346,bd355fcc-bbe3eda5.jpg,true,manual_review,
347,bd442c6f-d404189c.jpg,false,manual_review,confounding_degradation_removed_during_manual_review
348,bd0829be-ba790c09.jpg,true,manual_review,
349,bd931a20-031fbc84.jpg,true,manual_review,
350,bd937f4d-6c06e8b4.jpg,true,manual_review,
351,bd812175-88bdcb99.jpg,true,manual_review,
352,bd989210-c3df0371.jpg,false,manual_review,confounding_degradation_removed_during_manual_review
353,bd989210-d2369f97.jpg,true,manual_review,
354,bd989210-ecdee00d.jpg,true,manual_review,
355,bda1cdfa-a4626edd.jpg,false,manual_review,confounding_degradation_removed_during_manual_review
356,bda2a452-8a54fc2c.jpg,false,manual_review,confounding_degradation_removed_during_manual_review
357,bda90d90-4fff70f2.jpg,false,manual_review,confounding_degradation_removed_during_manual_review
358,bda46285-116182b2.jpg,true,manual_review,
359,bdaeda37-9cc73420.jpg,true,manual_review,
360,bdc0dc52-b4d05890.jpg,false,manual_review,confounding_degradation_removed_during_manual_review
361,bde83a65-61f8f702.jpg,true,manual_review,
362,bde83a65-d8ce4ddc.jpg,true,manual_review,
363,bdec39d8-c94681b3.jpg,true,manual_review,
364,bdf6ab8b-3ebe8356.jpg,true,manual_review,
365,be1e235b-e033239e.jpg,false,manual_review,confounding_degradation_removed_during_manual_review
366,be2b1f01-892bf2bb.jpg,false,manual_review,confounding_degradation_removed_during_manual_review
367,be3e9c45-d47775f3.jpg,false,manual_review,confounding_degradation_removed_during_manual_review
368,be8b3ab2-26370e88.jpg,true,manual_review,
369,be49ae7a-1ffaa683.jpg,true,manual_review,
370,be415cb5-0f27b485.jpg,true,manual_review,
371,be554fed-4ac78405.jpg,false,manual_review,confounding_degradation_removed_during_manual_review
372,be651ed5-21253da1.jpg,false,manual_review,confounding_degradation_removed_during_manual_review
373,be651ed5-c3407554.jpg,false,manual_review,confounding_degradation_removed_during_manual_review
374,be651ffd-0bc74ac7.jpg,true,manual_review,
375,be791a81-a6b53fef.jpg,false,manual_review,confounding_degradation_removed_during_manual_review
376,be839b4c-fba3ea45.jpg,true,manual_review,
377,be852dd5-29511af0.jpg,false,manual_review,confounding_degradation_removed_during_manual_review
378,be00937a-8e571604.jpg,false,manual_review,confounding_degradation_removed_during_manual_review
379,be5559e0-15ecaa2b.jpg,true,manual_review,
380,be9496ad-3d23e714.jpg,true,manual_review,
381,be41362b-587a17b4.jpg,false,manual_review,confounding_degradation_removed_during_manual_review
382,be448414-11891b58.jpg,false,manual_review,confounding_degradation_removed_during_manual_review
383,be448414-f60b61c9.jpg,true,manual_review,
384,be819732-9cff62ba.jpg,true,manual_review,
385,bea02fed-85841fe4.jpg,true,manual_review,
386,bea02fed-c803e656.jpg,true,manual_review,
387,beaae4eb-f6975a4f.jpg,true,manual_review,
388,beb3d6ea-272401a6.jpg,false,manual_review,confounding_degradation_removed_during_manual_review
389,beb3d6ea-d2584fc7.jpg,true,manual_review,
390,bec7b5c0-1bbf2379.jpg,true,manual_review,
391,bec7b5c0-5d9ee937.jpg,true,manual_review,
392,bec7b5c0-177923dd.jpg,true,manual_review,
393,bec7b5c0-36069512.jpg,true,manual_review,
394,bec7b5c0-ca19e1e3.jpg,true,manual_review,
395,bed4ed94-526eb41d.jpg,true,manual_review,
396,bedb9474-8dd30e6f.jpg,true,manual_review,
397,bee09035-01100c39.jpg,false,manual_review,confounding_degradation_removed_during_manual_review
398,bee67716-066d25dc.jpg,false,manual_review,confounding_degradation_removed_during_manual_review
399,beef90ca-dd806a38.jpg,true,manual_review,
400,bef7fb14-970e2929.jpg,true,manual_review,
401,beff1d1c-faff23dd.jpg,false,manual_review,confounding_degradation_removed_during_manual_review
402,bf1bae75-f13a1d02.jpg,false,manual_review,confounding_degradation_removed_during_manual_review
403,bf8feaf5-cf2b6195.jpg,true,manual_review,
404,bf9e3b67-2d5736bc.jpg,true,manual_review,
405,bf70a9e2-55b26931.jpg,true,manual_review,
406,bf76fa8e-889c317d.jpg,true,manual_review,
407,bf77e9b1-33a1b81e.jpg,true,manual_review,
408,bf77e9b1-ebc57a82.jpg,false,manual_review,confounding_degradation_removed_during_manual_review
409,bf78f601-1003f3da.jpg,false,manual_review,confounding_degradation_removed_during_manual_review
410,bf213ac1-1665b81a.jpg,true,manual_review,
411,bf8982ce-1369162c.jpg,false,manual_review,confounding_degradation_removed_during_manual_review
412,bf97082f-7b5ec66c.jpg,true,manual_review,
413,bf474631-7bf7833c.jpg,true,manual_review,
414,bf879071-533b979e.jpg,false,manual_review,confounding_degradation_removed_during_manual_review
415,bf972758-7ae264e7.jpg,false,manual_review,confounding_degradation_removed_during_manual_review
416,bfaca2bb-22fbe726.jpg,true,manual_review,
417,bfaca2bb-30af2110.jpg,false,manual_review,confounding_degradation_removed_during_manual_review
418,bfaca2bb-98dfee43.jpg,true,manual_review,
419,bfb72242-2b84934e.jpg,true,manual_review,
420,bfb72242-c9cffb08.jpg,true,manual_review,
421,bfd08f2c-b67851d1.jpg,true,manual_review,
422,bfd29575-767314a3.jpg,true,manual_review,
423,bfe98b68-b1125889.jpg,true,manual_review,
424,bfe587eb-d21baba4.jpg,true,manual_review,
425,bfef4a55-0c354241.jpg,true,manual_review,
426,bfef4a55-005ca254.jpg,true,manual_review,
427,bfef4a55-a91bccc2.jpg,true,manual_review,
428,bfef4a55-c2edf3fa.jpg,false,manual_review,confounding_degradation_removed_during_manual_review
429,bff2ee41-90d20c1a.jpg,true,manual_review,
430,bff7091d-4ea5eb2a.jpg,true,manual_review,
431,c0a3b5cc-b6d07aae.jpg,false,manual_review,confounding_degradation_removed_during_manual_review
432,c0a6cfd6-fa4e3a71.jpg,true,manual_review,
433,c0aa83ea-5e7cbb16.jpg,false,manual_review,confounding_degradation_removed_during_manual_review
434,c0be0e03-063c7cf7.jpg,true,manual_review,
435,c0c8efe2-cb74e696.jpg,false,manual_review,confounding_degradation_removed_during_manual_review
436,c00d02a5-01e36f95.jpg,true,manual_review,
437,c0d3128e-8adf0493.jpg,true,manual_review,
438,c0dc5a95-26ea2d7d.jpg,true,manual_review,
439,c0dc123c-25946136.jpg,false,manual_review,confounding_degradation_removed_during_manual_review
440,c0e1fd2a-45156dec.jpg,false,manual_review,confounding_degradation_removed_during_manual_review
441,c0eab4d0-010273fa.jpg,false,manual_review,confounding_degradation_removed_during_manual_review
442,c0eba0ba-c73e128d.jpg,true,manual_review,
443,c00ec632-8bf1e59e.jpg,true,manual_review,
444,c0faf05b-b3cba171.jpg,true,manual_review,
445,c0fce69f-42d06912.jpg,true,manual_review,
446,c1a1e343-92f68005.jpg,true,manual_review,
447,c1a2f331-c407620f.jpg,true,manual_review,
448,c1a07cae-269e1f30.jpg,false,manual_review,confounding_degradation_removed_during_manual_review
449,c1a07cae-fc54c9dc.jpg,true,manual_review,
450,c1a61e43-1fe7e02e.jpg,false,manual_review,confounding_degradation_removed_during_manual_review
451,c1b5a91c-9e402e78.jpg,true,manual_review,
452,c1b173ec-7c9f4aba.jpg,true,manual_review,
453,c1d9edc8-8986da55.jpg,true,manual_review,
454,c1f2bf8e-7b0e284d.jpg,true,manual_review,
455,c1f9f357-0ea2a4a9.jpg,true,manual_review,
456,c1f7104e-b64ae3b2.jpg,true,manual_review,
457,c1f39934-077f75ad.jpg,true,manual_review,
458,c1f39934-59878ba6.jpg,true,manual_review,
459,c1fa7950-56a78519.jpg,true,manual_review,
460,c1fd3aad-0fdb8c7c.jpg,true,manual_review,
461,c01feca6-512daace.jpg,false,manual_review,confounding_degradation_removed_during_manual_review
462,c2a42061-fc4af0cd.jpg,true,manual_review,
463,c2ad6f21-713c330a.jpg,true,manual_review,
464,c2b6d359-e8c54604.jpg,true,manual_review,
465,c2bd70f5-b518c14f.jpg,true,manual_review,
466,c2c32a23-8636a7e4.jpg,false,manual_review,confounding_degradation_removed_during_manual_review
467,c2ca5977-11073d54.jpg,true,manual_review,
468,c2ccc2a6-81d75278.jpg,true,manual_review,
469,c2d33423-8f1d3d05.jpg,true,manual_review,
470,c2dba16e-9ead0a99.jpg,true,manual_review,
471,c2edfde8-ed5a96ad.jpg,true,manual_review,
472,c2f25682-16a2fc3f.jpg,true,manual_review,
473,c02fb811-03f28b56.jpg,true,manual_review,
474,c3a18207-109c0500.jpg,false,manual_review,confounding_degradation_removed_during_manual_review
475,c3aca55d-61d72a19.jpg,true,manual_review,
476,c3ae9216-b9dab4a9.jpg,true,manual_review,
477,c3b1694b-79c97ac2.jpg,true,manual_review,
478,c3b1694b-fadd8eba.jpg,false,manual_review,confounding_degradation_removed_during_manual_review
479,c3c0f47b-e11941f3.jpg,true,manual_review,
480,c3cc12e9-d96fb013.jpg,true,manual_review,
481,c3dc6d37-60d68540.jpg,true,manual_review,
482,c3dc6d37-450bc114.jpg,false,manual_review,confounding_degradation_removed_during_manual_review
483,c3dde797-aea46f02.jpg,true,manual_review,
484,c3def78d-b3fa5b93.jpg,true,manual_review,
485,c3e87419-dd6f2321.jpg,true,manual_review,
486,c3ee4b9b-1929ab81.jpg,false,manual_review,confounding_degradation_removed_during_manual_review
487,c4b3ce3d-6e999bfc.jpg,true,manual_review,
488,c4b3ce3d-8b344a2f.jpg,true,manual_review,
489,c4b3ce3d-ef12b7eb.jpg,false,manual_review,confounding_degradation_removed_during_manual_review
490,c4b8d344-dcbbc041.jpg,true,manual_review,
491,c4c4db55-82c87232.jpg,false,manual_review,confounding_degradation_removed_during_manual_review
492,c4ceb792-87e9c3b2.jpg,true,manual_review,
493,c4dbd719-26df8369.jpg,true,manual_review,
494,c4e3cf95-4f803484.jpg,true,manual_review,
495,c4e92086-e1b8324f.jpg,true,manual_review,
496,c4e97226-7be7eef5.jpg,false,manual_review,confounding_degradation_removed_during_manual_review
497,c4f19b5d-63528c25.jpg,true,manual_review,
498,c4f59bdd-00356764.jpg,false,manual_review,confounding_degradation_removed_during_manual_review
499,c4f4718b-7a18cd62.jpg,true,manual_review,
500,c4f4718b-f6e8ce43.jpg,false,manual_review,confounding_degradation_removed_during_manual_review
501,c5a0ad25-32da84bb.jpg,false,manual_review,confounding_degradation_removed_during_manual_review
502,c5a0ad25-ce65688e.jpg,true,manual_review,
503,c5a0d993-a86563c1.jpg,true,manual_review,
504,c5ab4d79-c244d950.jpg,true,manual_review,
505,c5b6c311-af650f3b.jpg,true,manual_review,
506,c5b7b466-c3bd479a.jpg,false,manual_review,confounding_degradation_removed_during_manual_review
507,c5b2506d-07e406a6.jpg,true,manual_review,
508,c5c9d88b-71b49b27.jpg,true,manual_review,
509,c5c9ead6-dab2dae6.jpg,false,manual_review,confounding_degradation_removed_during_manual_review
510,c5c1956a-f18fba95.jpg,true,manual_review,
511,c5c3116a-8bcf604c.jpg,true,manual_review,
512,c5e8ab3b-6e92761c.jpg,true,manual_review,
513,c5e8457e-381c8a85.jpg,true,manual_review,
514,c5f8a1ae-0d55fc7a.jpg,true,manual_review,
515,c5fcf26b-c3f9aa67.jpg,true,manual_review,
516,c5fe7f8b-38ce05b2.jpg,false,manual_review,confounding_degradation_removed_during_manual_review
517,c6a2eca5-a06c9e5b.jpg,false,manual_review,confounding_degradation_removed_during_manual_review
518,c6a23a03-fb6ef9c3.jpg,true,manual_review,
519,c6af6422-ca528e3b.jpg,false,manual_review,confounding_degradation_removed_during_manual_review
520,c6b8dc9c-1d5e230a.jpg,true,manual_review,
521,c6bf8d8a-b5474262.jpg,true,manual_review,
522,c6d77a40-03423c96.jpg,false,manual_review,confounding_degradation_removed_during_manual_review
523,c6d6600c-e4287c96.jpg,false,manual_review,confounding_degradation_removed_during_manual_review
524,c6e2cfc8-cfab245b.jpg,false,manual_review,confounding_degradation_removed_during_manual_review
525,c6ea1428-223b4063.jpg,true,manual_review,
526,c7b32a0d-ffed4ed6.jpg,false,manual_review,confounding_degradation_removed_during_manual_review
527,c7b1001c-ee3bf034.jpg,false,manual_review,confounding_degradation_removed_during_manual_review
528,c7b49761-fc7ed898.jpg,true,manual_review,
529,c7b86405-da6e2abc.jpg,true,manual_review,
530,c7bcd5db-6483a43e.jpg,false,manual_review,confounding_degradation_removed_during_manual_review
531,c7c86a8e-f29f4e4e.jpg,false,manual_review,confounding_degradation_removed_during_manual_review
532,c7c5969b-3d72de47.jpg,true,manual_review,
533,c7c5969b-4fdfe484.jpg,false,manual_review,confounding_degradation_removed_during_manual_review
534,c7c5969b-c0899dbc.jpg,true,manual_review,
535,c7c5969b-d4264f7e.jpg,true,manual_review,
536,c7c5969b-f1bc3e3a.jpg,true,manual_review,
537,c7d0b0a7-7f2306d8.jpg,false,manual_review,confounding_degradation_removed_during_manual_review
538,c7d0b0a7-a0e6b491.jpg,false,manual_review,confounding_degradation_removed_during_manual_review
539,c7d8260d-1c3f0898.jpg,true,manual_review,
540,c7d8260d-e1f6b3f8.jpg,true,manual_review,
541,c7d72934-2162b615.jpg,true,manual_review,
542,c7dd6716-f165ff52.jpg,false,manual_review,confounding_degradation_removed_during_manual_review
543,c7e6d5d1-c8af9fe3.jpg,true,manual_review,
544,c7e61874-56decdeb.jpg,false,manual_review,confounding_degradation_removed_during_manual_review
545,c7f8589f-45c47b58.jpg,true,manual_review,
546,c7fe62b1-831805d0.jpg,true,manual_review,
547,c8a3369c-d264119b.jpg,false,manual_review,confounding_degradation_removed_during_manual_review
548,c8b983aa-59bbf82b.jpg,true,manual_review,
549,c8bad943-c78f2df3.jpg,true,manual_review,
550,c08bf392-3d39a1bc.jpg,false,manual_review,confounding_degradation_removed_during_manual_review
551,c8c022ae-b7e1c0b5.jpg,true,manual_review,
552,c8ddb7b2-8c453f30.jpg,false,manual_review,confounding_degradation_removed_during_manual_review
553,c8e8cd4a-2f894188.jpg,true,manual_review,
554,c8e8f29f-aa6b38d9.jpg,true,manual_review,
555,c8ed3fad-623b1616.jpg,false,manual_review,confounding_degradation_removed_during_manual_review
556,c8ed2212-b60fa314.jpg,true,manual_review,
557,c8ef1a34-e7c66c0c.jpg,true,manual_review,
558,c8ef6dea-eea7d4cd.jpg,true,manual_review,
559,c8f0adf0-85eb7754.jpg,true,manual_review,
560,c8f6f631-a1eb5133.jpg,true,manual_review,
561,c8f61b8f-81c16429.jpg,false,manual_review,confounding_degradation_removed_during_manual_review
562,c8fa732b-fbdaa989.jpg,true,manual_review,
563,c09af0c6-3c0b82a7.jpg,true,manual_review,
564,c9b0aa61-15573161.jpg,true,manual_review,
565,c9b099e4-6ab2e4f4.jpg,true,manual_review,
566,c9b29647-95da8336.jpg,true,manual_review,
567,c9c0e486-f197b842.jpg,true,manual_review,
568,c9c6949a-5aeaa8fd.jpg,false,manual_review,confounding_degradation_removed_during_manual_review
569,c9c6949a-14eea22b.jpg,true,manual_review,
570,c9ca4c6c-4c9db372.jpg,true,manual_review,
571,c9d9cbf9-e86cf1ef.jpg,false,manual_review,confounding_degradation_removed_during_manual_review
572,c9d89485-18576ffb.jpg,true,manual_review,
573,c9dc96aa-01dec7af.jpg,false,manual_review,confounding_degradation_removed_during_manual_review
574,c9dedfc8-b23ac57e.jpg,true,manual_review,
575,c9effc42-0eb861b2.jpg,false,manual_review,confounding_degradation_removed_during_manual_review
576,c9effc42-a75644ee.jpg,false,manual_review,confounding_degradation_removed_during_manual_review
577,c9f6b520-523674ac.jpg,true,manual_review,
578,c13ef0e9-9cc08bb3.jpg,false,manual_review,confounding_degradation_removed_during_manual_review
579,c16d3fdb-a3a8c912.jpg,true,manual_review,
580,c18c9fe9-a30aa4ca.jpg,false,manual_review,confounding_degradation_removed_during_manual_review
581,c18cdb0e-c6d8672a.jpg,false,manual_review,confounding_degradation_removed_during_manual_review
582,c18e4ce3-2a594c39.jpg,false,manual_review,confounding_degradation_removed_during_manual_review
583,c019c1f1-883ea964.jpg,true,manual_review,
584,c19d7224-503472e5.jpg,false,manual_review,confounding_degradation_removed_during_manual_review
585,c20e5778-cfbaabbf.jpg,true,manual_review,
586,c022e075-40907eff.jpg,false,manual_review,confounding_degradation_removed_during_manual_review
587,c022e075-de13593a.jpg,true,manual_review,
588,c25a8eea-5c0d75f6.jpg,true,manual_review,
589,c28cecbb-11796cf6.jpg,true,manual_review,
590,c29d13ba-67447c50.jpg,true,manual_review,
591,c29d13ba-ad7aee3f.jpg,true,manual_review,
592,c30db884-c85d8fee.jpg,false,manual_review,confounding_degradation_removed_during_manual_review
593,c31a04de-b269b568.jpg,true,manual_review,
594,c32ed490-87271dee.jpg,false,manual_review,confounding_degradation_removed_during_manual_review
595,c0035eda-6e1b34d6.jpg,false,manual_review,confounding_degradation_removed_during_manual_review
596,c37d47c0-c830ec1c.jpg,true,manual_review,
597,c38bdba6-cb18e83a.jpg,true,manual_review,
598,c44da9b8-ecd04bdd.jpg,false,manual_review,confounding_degradation_removed_during_manual_review
599,c45fbe22-8bcb4ef4.jpg,true,manual_review,
600,c45fbe22-61885df3.jpg,false,manual_review,confounding_degradation_removed_during_manual_review
601,c46c8375-44338121.jpg,false,manual_review,confounding_degradation_removed_during_manual_review
602,c46c8375-e5fa2581.jpg,true,manual_review,
603,c48ba79f-d8e0bf32.jpg,true,manual_review,
604,c48cfadb-fcbdaa65.jpg,false,manual_review,confounding_degradation_removed_during_manual_review
605,c050a325-3fbdf46f.jpg,true,manual_review,
606,c050a325-b9aa9e5f.jpg,true,manual_review,
607,c50b63be-01088e58.jpg,false,manual_review,confounding_degradation_removed_during_manual_review
608,c52f53f8-70ad0125.jpg,false,manual_review,confounding_degradation_removed_during_manual_review
609,c52f53f8-83f49a86.jpg,true,manual_review,
610,c55da7df-537c27fd.jpg,false,manual_review,confounding_degradation_removed_during_manual_review
611,c56c951e-9eadf2b7.jpg,false,manual_review,confounding_degradation_removed_during_manual_review
612,c57caddc-26ab6ed5.jpg,true,manual_review,
613,c57cda5b-7ca48687.jpg,true,manual_review,
614,c57cda5b-e43a49aa.jpg,true,manual_review,
615,c60d6c5c-11adb0a5.jpg,true,manual_review,
616,c60f0eb4-bb0d650b.jpg,true,manual_review,
617,c60ffc99-13f7f8e0.jpg,true,manual_review,
618,c61cc09d-7ba22a23.jpg,true,manual_review,
619,c61cc09d-620a73cb.jpg,false,manual_review,confounding_degradation_removed_during_manual_review
620,c62ba5b8-0efc4385.jpg,false,manual_review,confounding_degradation_removed_during_manual_review
621,c62efadc-d5d01fc2.jpg,false,manual_review,confounding_degradation_removed_during_manual_review
622,c63f6bb5-e23a253e.jpg,true,manual_review,
623,c64dd3d9-3981f6e3.jpg,true,manual_review,
624,c65c2462-96e8ae92.jpg,false,manual_review,confounding_degradation_removed_during_manual_review
625,c66a2cb5-7299f544.jpg,true,manual_review,
626,c68d9027-9707e4ed.jpg,false,manual_review,confounding_degradation_removed_during_manual_review
627,c68f8fd2-61681484.jpg,true,manual_review,
628,c69d1519-dfb88cdf.jpg,true,manual_review,
629,c73abec5-609ede44.jpg,false,manual_review,confounding_degradation_removed_during_manual_review
630,c75dff4f-c91e6880.jpg,true,manual_review,
631,c76fbaa1-990ee15a.jpg,false,manual_review,confounding_degradation_removed_during_manual_review
632,c78f9fc6-024da644.jpg,false,manual_review,confounding_degradation_removed_during_manual_review
633,c80bf9a4-757fadcb.jpg,false,manual_review,confounding_degradation_removed_during_manual_review
634,c80cf60a-8bb33a63.jpg,true,manual_review,
635,c81afdad-8b689a37.jpg,true,manual_review,
636,c81afdad-8ceefe85.jpg,false,manual_review,confounding_degradation_removed_during_manual_review
637,c81c9789-fdf7aae2.jpg,false,manual_review,confounding_degradation_removed_during_manual_review
638,c82ab19a-024cc3bc.jpg,false,manual_review,confounding_degradation_removed_during_manual_review
639,c83c10de-0d2047c8.jpg,false,manual_review,confounding_degradation_removed_during_manual_review
640,c85ca3b9-72a968aa.jpg,false,manual_review,confounding_degradation_removed_during_manual_review
641,c87d3555-5c159851.jpg,true,manual_review,
642,c87e0427-31e8946b.jpg,true,manual_review,
643,c89ee093-65ac0019.jpg,false,manual_review,confounding_degradation_removed_during_manual_review
644,c89ee093-f527ef81.jpg,true,manual_review,
645,c89fc3e2-aaab0dfb.jpg,false,manual_review,confounding_degradation_removed_during_manual_review
646,c90a2111-04776fd3.jpg,true,manual_review,
647,c90b5398-d042ec34.jpg,false,manual_review,confounding_degradation_removed_during_manual_review
648,c91a84db-b08249fc.jpg,true,manual_review,
649,c91da210-34d6b472.jpg,true,manual_review,
650,c91da210-37d62a18.jpg,true,manual_review,
651,c95f8ca5-0cf1c43c.jpg,false,manual_review,confounding_degradation_removed_during_manual_review
652,c95fecc3-4e289a4e.jpg,true,manual_review,
653,c95fecc3-41401a5f.jpg,true,manual_review,
654,c96a9fb4-cacac0fc.jpg,true,manual_review,
655,c96e0b6a-0acdb8b5.jpg,false,manual_review,confounding_degradation_removed_during_manual_review
656,c96e0b6a-7d3c5b31.jpg,true,manual_review,
657,c96ffe59-429ca2a9.jpg,false,manual_review,confounding_degradation_removed_during_manual_review
658,c96ffe59-25022c0b.jpg,true,manual_review,
659,c97abe9e-ccbca525.jpg,true,manual_review,
660,c99a4baf-9b8ca7d9.jpg,true,manual_review,
661,c100db13-71b423e5.jpg,true,manual_review,
662,c122a91d-7ac64c77.jpg,true,manual_review,
663,c132df41-509fc403.jpg,false,manual_review,confounding_degradation_removed_during_manual_review
664,c146d100-4ee36f35.jpg,false,manual_review,confounding_degradation_removed_during_manual_review
665,c146d100-c0e4da58.jpg,true,manual_review,
666,c146d100-cb76d05b.jpg,true,manual_review,
667,c155d65b-2d961d55.jpg,false,manual_review,confounding_degradation_removed_during_manual_review
668,c155d65b-50f96017.jpg,false,manual_review,confounding_degradation_removed_during_manual_review
669,c155d65b-ae8038a6.jpg,false,manual_review,confounding_degradation_removed_during_manual_review
670,c155d65b-bf020dcb.jpg,true,manual_review,
671,c172eb28-fbd07793.jpg,true,manual_review,
672,c174a2be-b32a8285.jpg,false,manual_review,confounding_degradation_removed_during_manual_review
673,c174b1bd-62c7b473.jpg,false,manual_review,confounding_degradation_removed_during_manual_review
674,c239dcd2-bbd38c33.jpg,false,manual_review,confounding_degradation_removed_during_manual_review
675,c242b4b8-0dab228f.jpg,true,manual_review,
676,c343e9dc-ce6e03ef.jpg,false,manual_review,confounding_degradation_removed_during_manual_review
677,c343e9dc-f2dcbc21.jpg,false,manual_review,confounding_degradation_removed_during_manual_review
678,c356bbec-10171932.jpg,false,manual_review,confounding_degradation_removed_during_manual_review
679,c385a199-0bb19524.jpg,true,manual_review,
680,c396b7c0-cf46a981.jpg,true,manual_review,
681,c399b1cb-0b569b85.jpg,true,manual_review,
682,c425e76b-198b3cc5.jpg,false,manual_review,confounding_degradation_removed_during_manual_review
683,c447f74e-f67bf173.jpg,true,manual_review,
684,c456e9c3-8a255f8c.jpg,true,manual_review,
685,c456e9c3-fa69d872.jpg,false,manual_review,confounding_degradation_removed_during_manual_review
686,c503f2e8-1780553c.jpg,true,manual_review,
687,c553c602-a2d33a0c.jpg,true,manual_review,
688,c558f74c-8874b6c0.jpg,false,manual_review,confounding_degradation_removed_during_manual_review
689,c573ac02-6c5f037e.jpg,true,manual_review,
690,c576ccff-0a51ae4b.jpg,true,manual_review,
691,c595cb01-89718083.jpg,true,manual_review,
692,c602b3c5-0bba271b.jpg,false,manual_review,confounding_degradation_removed_during_manual_review
693,c633cafb-496ee40f.jpg,false,manual_review,confounding_degradation_removed_during_manual_review
694,c644bce5-310a172f.jpg,false,manual_review,confounding_degradation_removed_during_manual_review
695,c685aea9-1f0ae51d.jpg,false,manual_review,confounding_degradation_removed_during_manual_review
696,c0697e71-ba9f6c4f.jpg,true,manual_review,
697,c709b82a-a5ff98a2.jpg,true,manual_review,
698,c723ad21-efed33e5.jpg,true,manual_review,
699,c734eb0a-9d6807cb.jpg,true,manual_review,
700,c734eb0a-125bba62.jpg,true,manual_review,
701,c767ad39-119bf6f3.jpg,false,manual_review,confounding_degradation_removed_during_manual_review
702,c776d10b-25177c93.jpg,true,manual_review,
703,c776d10b-15486206.jpg,true,manual_review,
704,c776d10b-a1314ad4.jpg,false,manual_review,confounding_degradation_removed_during_manual_review
705,c776d10b-ea20be3a.jpg,true,manual_review,
706,c872e1b7-d443b346.jpg,true,manual_review,
707,c876a58b-97c4d16e.jpg,true,manual_review,
708,c877c1e3-b9b26376.jpg,true,manual_review,
709,c897cc2b-01aaad95.jpg,false,manual_review,confounding_degradation_removed_during_manual_review
710,c897cc2b-4104fbc7.jpg,true,manual_review,
711,c897cc2b-6612f914.jpg,false,manual_review,confounding_degradation_removed_during_manual_review
712,c0945c0c-e16c694a.jpg,false,manual_review,confounding_degradation_removed_during_manual_review
713,c992d89e-63020be4.jpg,false,manual_review,confounding_degradation_removed_during_manual_review
714,c1428d85-1e1afff5.jpg,true,manual_review,
715,c1715aef-9c4e4c40.jpg,true,manual_review,
716,c2179f35-d4666c72.jpg,false,manual_review,confounding_degradation_removed_during_manual_review
717,c2186a76-6757a4be.jpg,true,manual_review,
718,c2341eec-16d212b8.jpg,true,manual_review,
719,c03936ec-8a87395f.jpg,true,manual_review,
720,c5584f14-7fcc4797.jpg,true,manual_review,
721,c6013f78-376051fb.jpg,true,manual_review,
722,c6083af3-97345ce2.jpg,false,manual_review,confounding_degradation_removed_during_manual_review
723,c6716c49-8a602ea6.jpg,true,manual_review,
724,c6864b90-498a3912.jpg,false,manual_review,confounding_degradation_removed_during_manual_review
725,c6874e8e-439ea4de.jpg,true,manual_review,
726,c6959e96-6c064011.jpg,true,manual_review,
727,c7140eaa-eb9d0128.jpg,false,manual_review,confounding_degradation_removed_during_manual_review
728,c07733d0-6b75a5ee.jpg,true,manual_review,
729,c07733d0-7525eae7.jpg,false,manual_review,confounding_degradation_removed_during_manual_review
730,c07733d0-8445e6b8.jpg,true,manual_review,
731,c8638ebb-5dc7483b.jpg,true,manual_review,
732,c8650e15-38bef9dc.jpg,true,manual_review,
733,c9160b61-80e5089a.jpg,false,manual_review,confounding_degradation_removed_during_manual_review
734,c9240f77-2c998430.jpg,false,manual_review,confounding_degradation_removed_during_manual_review
735,c9240f77-08db8836.jpg,false,manual_review,confounding_degradation_removed_during_manual_review
736,c9240f77-37f30fb5.jpg,true,manual_review,
737,c9240f77-988f083f.jpg,true,manual_review,
738,c9240f77-93292ea6.jpg,false,manual_review,confounding_degradation_removed_during_manual_review
739,c9552b40-ae7bc148.jpg,true,manual_review,
740,c10163bb-7ad315ce.jpg,false,manual_review,confounding_degradation_removed_during_manual_review
741,c23551ce-6007b75e.jpg,false,manual_review,confounding_degradation_removed_during_manual_review
742,c23551ce-34508f75.jpg,true,manual_review,
743,c24838fd-064f7c3f.jpg,false,manual_review,confounding_degradation_removed_during_manual_review
744,c28982c9-343d3ab5.jpg,false,manual_review,confounding_degradation_removed_during_manual_review
745,c37382d8-010bbe82.jpg,true,manual_review,
746,c37884fa-ef0b1d8e.jpg,true,manual_review,
747,c41585dc-6fe06ca1.jpg,true,manual_review,
748,c43254a8-9aa667dc.jpg,false,manual_review,confounding_degradation_removed_during_manual_review
749,c56915dc-1eb8abe1.jpg,true,manual_review,
750,c71936fa-e8370814.jpg,true,manual_review,
751,c72373c0-af574c12.jpg,false,manual_review,confounding_degradation_removed_during_manual_review
752,c81079a0-e0ca6df6.jpg,false,manual_review,confounding_degradation_removed_during_manual_review
753,c0082590-c1533b81.jpg,false,manual_review,confounding_degradation_removed_during_manual_review
754,c85416bd-b4812a0c.jpg,true,manual_review,
755,c090895d-02949f2b.jpg,false,manual_review,confounding_degradation_removed_during_manual_review
756,c92046a2-2f8e5345.jpg,true,manual_review,
757,c0350481-340b9ea4.jpg,true,manual_review,
758,c359556b-77ced0e9.jpg,true,manual_review,
759,c427410f-07d5dfe7.jpg,false,manual_review,confounding_degradation_removed_during_manual_review
760,c427410f-aec7f6a9.jpg,true,manual_review,
761,c0677163-39c6f234.jpg,true,manual_review,
762,c0677163-55a2f724.jpg,true,manual_review,
763,c0677163-89d37846.jpg,true,manual_review,
764,c0677163-613b4f10.jpg,false,manual_review,confounding_degradation_removed_during_manual_review
765,c0677163-69842abb.jpg,true,manual_review,
766,c0677163-8371743a.jpg,false,manual_review,confounding_degradation_removed_during_manual_review
767,c0677163-b0154931.jpg,true,manual_review,
768,c0677163-c63c7c95.jpg,false,manual_review,confounding_degradation_removed_during_manual_review
769,c0677163-c094cd72.jpg,false,manual_review,confounding_degradation_removed_during_manual_review
770,c698371e-9c81ea92.jpg,true,manual_review,
771,c698371e-c1d58557.jpg,false,manual_review,confounding_degradation_removed_during_manual_review
772,c700966a-608d05b4.jpg,true,manual_review,
773,c803615e-07407e4a.jpg,false,manual_review,confounding_degradation_removed_during_manual_review
774,c895041f-b2d189ed.jpg,true,manual_review,
775,c917201f-5bbb8087.jpg,true,manual_review,
776,c928749e-62bc39dd.jpg,false,manual_review,confounding_degradation_removed_during_manual_review
777,c962949b-dddd40b2.jpg,true,manual_review,
778,c993615f-20359e85.jpg,true,manual_review,
779,c1757757-8208000e.jpg,false,manual_review,confounding_degradation_removed_during_manual_review
780,c3009124-6a11b9b0.jpg,true,manual_review,
781,c3130621-11b84f78.jpg,false,manual_review,confounding_degradation_removed_during_manual_review
782,c4031040-73e296bc.jpg,false,manual_review,confounding_degradation_removed_during_manual_review
783,c4130097-887da34f.jpg,false,manual_review,confounding_degradation_removed_during_manual_review
784,c4436054-c0d83d61.jpg,true,manual_review,
785,c4742900-8900110c.jpg,false,manual_review,confounding_degradation_removed_during_manual_review
786,c5434464-5dcb3bd7.jpg,true,manual_review,
787,c5530340-6ca6f8bc.jpg,true,manual_review,
788,c5617574-cca98859.jpg,true,manual_review,
789,c7513860-d293b768.jpg,true,manual_review,
790,c9403737-33cab241.jpg,true,manual_review,
791,c9815999-f1a3d95a.jpg,false,manual_review,confounding_degradation_removed_during_manual_review
792,ca0b4ef4-effd52f4.jpg,true,manual_review,
793,ca1c6003-aad4464c.jpg,true,manual_review,
794,ca3bbb0a-cd13da9e.jpg,true,manual_review,
795,ca009e13-883fafc6.jpg,false,manual_review,confounding_degradation_removed_during_manual_review
796,ca077fe9-b7f766fd.jpg,false,manual_review,confounding_degradation_removed_during_manual_review
797,ca656c47-876ad414.jpg,true,manual_review,
798,ca656c47-e483f464.jpg,false,manual_review,confounding_degradation_removed_during_manual_review
799,ca146661-7f70d0c4.jpg,true,manual_review,
800,fe1d9184-dec09b65.jpg,false,manual_review,confounding_degradation_removed_during_manual_review
